{"cameraMode":{"drawMode":0,"name":"Shaded","section":"Shading Mode"},"sceneLighting":true,"audioPlay":false,"sceneViewState":{"m_AlwaysRefresh":false,"showFog":true,"showSkybox":false,"showFlares":true,"showImageEffects":true,"showParticleSystems":true,"showVisualEffectGraphs":true,"m_FxEnabled":true},"in2DMode":false,"pivot":{"x":0.18956789374351502,"y":13.874593734741211,"z":97.12418365478516},"rotation":{"x":-0.11546151340007782,"y":0.04052498936653137,"z":-0.004609685391187668,"w":-0.9926018118858337},"size":1.727563500404358,"orthographic":false}