{"cameraMode":{"drawMode":0,"name":"Shaded","section":"Shading Mode"},"sceneLighting":false,"audioPlay":false,"sceneViewState":{"m_AlwaysRefresh":false,"showFog":true,"showSkybox":false,"showFlares":true,"showImageEffects":true,"showParticleSystems":true,"showVisualEffectGraphs":true,"m_FxEnabled":true},"in2DMode":false,"pivot":{"x":-1.7757790088653565,"y":-3.1115739345550539,"z":7.170279026031494},"rotation":{"x":0.004715879447758198,"y":0.9871509075164795,"z":-0.15707653760910035,"w":0.029619401320815088},"size":9.239798545837403,"orthographic":false}