{"cameraMode":{"drawMode":0,"name":"Shaded","section":"Shading Mode"},"sceneLighting":false,"audioPlay":false,"sceneViewState":{"m_AlwaysRefresh":false,"showFog":true,"showSkybox":false,"showFlares":true,"showImageEffects":true,"showParticleSystems":true,"showVisualEffectGraphs":true,"m_FxEnabled":true},"in2DMode":false,"pivot":{"x":-0.025909388437867166,"y":0.4504813849925995,"z":-0.08877748996019364},"rotation":{"x":-0.013243990018963814,"y":-0.9861687421798706,"z":0.09794891625642777,"w":-0.13333362340927125},"size":1.127138614654541,"orthographic":false}