{"cameraMode":{"drawMode":0,"name":"Shaded","section":"Shading Mode"},"sceneLighting":false,"audioPlay":false,"sceneViewState":{"m_AlwaysRefresh":false,"showFog":true,"showSkybox":false,"showFlares":true,"showImageEffects":true,"showParticleSystems":true,"showVisualEffectGraphs":true,"m_FxEnabled":true},"in2DMode":false,"pivot":{"x":0.5181357860565186,"y":1.15439772605896,"z":5.912674427032471},"rotation":{"x":0.004715879447758198,"y":0.9871509075164795,"z":-0.15707653760910035,"w":0.029619401320815088},"size":4.419147491455078,"orthographic":false}