{"cameraMode":{"drawMode":0,"name":"Shaded","section":"Shading Mode"},"sceneLighting":false,"audioPlay":false,"sceneViewState":{"m_AlwaysRefresh":false,"showFog":true,"showSkybox":false,"showFlares":true,"showImageEffects":true,"showParticleSystems":true,"showVisualEffectGraphs":true,"m_FxEnabled":true},"in2DMode":false,"pivot":{"x":-1.4197368621826172,"y":2.443195343017578,"z":-0.7894845008850098},"rotation":{"x":-0.03163745999336243,"y":-0.09701418876647949,"z":0.003169796895235777,"w":-0.9948927164077759},"size":1.4099103212356568,"orthographic":false}